{
  "menuItems": [
    {
      "label": "Feature",
      "path": "#featureSection",
      "offset": "80"
    },
    {
      "label": "Work History",
      "path": "#workHistorySection",
      "offset": "100"
    },
    {
      "label": "Portfolio",
      "path": "#blogSection",
      "offset": "100"
    },
    {
      "label": "Quality feature",
      "path": "#qualitySection",
      "offset": "100"
    },
    {
      "label": "Testimonial",
      "path": "#testimonialSection",
      "offset": "100"
    },
    {
      "label": "Team Member",
      "path": "#teamSection",
      "offset": "67"
    },
    {
      "label": "FAQ",
      "path": "#faqSection",
      "offset": "100"
    }
  ],
  "aboutus": [
    {
      "id": 1,
      "title": "Amazing communication experience.",
      "icon": "flaticon-next"
    },
    {
      "id": 2,
      "title": "Best designing experience with trending tools and sizes.",
      "icon": "flaticon-next"
    },
    {
      "id": 3,
      "title": "Training and communication method remotely.",
      "icon": "flaticon-next"
    },
    {
      "id": 4,
      "title": "24/7 Hour onine supports.",
      "icon": "flaticon-next"
    }
  ],
  "features": [
    {
      "id": 1,
      "icon": "flaticon-flask",
      "title": "Search Optimization",
      "description": "By using Search Engine Optimization, You will get more Clients"
    },
    {
      "id": 2,
      "icon": "flaticon-pencil-case",
      "title": "Ui/UX Design",
      "description": "We provide the best UI/UX Design by following the latest trends of the market ."
    },
    {
      "id": 3,
      "icon": "flaticon-ruler",
      "title": "Wireframing Task",
      "description": "We respect our customer opinions and deals with them with perfect wireframing "
    },
    {
      "id": 4,
      "icon": "flaticon-startup",
      "title": "Business Solutions",
      "description": "We are commited to provide proper business solutions with reasonable pricing"
    },
    {
      "id": 5,
      "icon": "flaticon-briefing",
      "title": "Business Analysis",
      "description": "A day to day report about your ongoing business for proper understanding"
    },
    {
      "id": 6,
      "icon": "flaticon-creative",
      "title": "Content Management",
      "description": "Proper Content Management is important to find out the real clients for your agencies"
    }
  ],
  "qualityFeature": [
    {
      "id": 1,
      "icon": "flaticon-flask",
      "title": "Search Optimization",
      "description": "By using Search Engine Optimization, You will get more Clients."
    },
    {
      "id": 2,
      "icon": "flaticon-pencil-case",
      "title": "Wireframing Task",
      "description": "We respect our customer opinions and deals with them with perfect wireframing."
    },
    {
      "id": 3,
      "icon": "flaticon-ruler",
      "title": "Ui/Ux Design",
      "description": "We provide the best UI/UX Design by following the latest trends of the market ."
    },
    {
      "id": 4,
      "icon": "flaticon-briefing",
      "title": "Content Writting",
      "description": "Proper Content Management is important to find out the real clients for your agencies ."
    }
  ],
  "blog": [
    {
      "id": 1,
      "title": "Real home corporation",
      "thumbnail_url": "../../assets/image/agency/blog/blog-img1.png",
      "date": "November 02, 2018",
      "postLink": "#1"
    },
    {
      "id": 2,
      "title": "Sheltech developer ltd.",
      "thumbnail_url": "../../assets/image/agency/blog/blog-img2.png",
      "date": "November 12, 2018",
      "postLink": "#2"
    },
    {
      "id": 3,
      "title": "Alt architecture co.",
      "thumbnail_url": "../../assets/image/agency/blog/blog-img3.png",
      "date": "December 09, 2018",
      "postLink": "#3"
    }
  ],
  "teamMember": [
    {
      "id": 1,
      "name": "Jessica Fanddy",
      "thumbnail_url": "../../assets/image/agency/team/member-1.jpg",
      "designation": "Co Founder",
      "social_links": [
        {
          "id": 1,
          "icon": "flaticon-facebook-logo",
          "url": "#"
        },
        {
          "id": 1,
          "icon": "flaticon-twitter-logo-silhouette",
          "url": "#"
        },
        {
          "id": 1,
          "icon": "flaticon-instagram",
          "url": "#"
        },
        {
          "id": 1,
          "icon": "flaticon-dribble-logo",
          "url": "#"
        }
      ]
    },
    {
      "id": 2,
      "name": "Devid Justingul",
      "thumbnail_url": "../../assets/image/agency/team/member-2.jpg",
      "designation": "Senior Ui/UX Designer",
      "social_links": [
        {
          "id": 1,
          "icon": "flaticon-facebook-logo",
          "url": "#"
        },
        {
          "id": 1,
          "icon": "flaticon-twitter-logo-silhouette",
          "url": "#"
        },
        {
          "id": 1,
          "icon": "flaticon-instagram",
          "url": "#"
        },
        {
          "id": 1,
          "icon": "flaticon-dribble-logo",
          "url": "#"
        }
      ]
    },
    {
      "id": 3,
      "name": "Handdy Albuzz",
      "thumbnail_url": "../../assets/image/agency/team/member-3.jpg",
      "designation": "Article Writer",
      "social_links": [
        {
          "id": 1,
          "icon": "flaticon-facebook-logo",
          "url": "#"
        },
        {
          "id": 1,
          "icon": "flaticon-twitter-logo-silhouette",
          "url": "#"
        },
        {
          "id": 1,
          "icon": "flaticon-instagram",
          "url": "#"
        },
        {
          "id": 1,
          "icon": "flaticon-dribble-logo",
          "url": "#"
        }
      ]
    }
  ],
  "testimonial": [
    {
      "id": 1,
      "name": "Jon Doe",
      "designation": "CEO of Denish Co.",
      "comment": "Best working experience  with this amazing team & in future, we want to work together",
      "avatar_url": "../../assets/image/agency/client/denny.png"
    },
    {
      "id": 2,
      "name": "Roman Ul Oman",
      "designation": "Co-founder of QatarDiaries",
      "comment": "Impressed with master class support of the team and really look forward for the future.",
      "avatar_url": "../../assets/image/agency/client/menny.png"
    },
    {
      "id": 3,
      "name": "Jon Doe",
      "designation": "Director of Beauty-queen",
      "comment": "I have bought more than 10 themes on ThemeForest, and this is the first one I review. Wow! Amazing React Theme",
      "avatar_url": "../../assets/image/agency/client/denny.png"
    },
    {
      "id": 4,
      "name": "Roman Ul Oman",
      "designation": "Co-founder of QatarDiaries",
      "comment": "Impressed with master class support of the team and really look forward for the future.",
      "avatar_url": "../../assets/image/agency/client/menny.png"
    }
  ],
  "faq": [
    {
      "id": 1,
      "expend": true,
      "title": "How to contact with Customer Service?",
      "description": "Our Customer Experience Team is available 7 days a week and we offer 2 ways to get in contact.Email and Chat . We try to reply quickly, so you need not to wait too long for a response!. "
    },
    {
      "id": 2,
      "title": "App installation failed, how to update system information?",
      "description": "Please read the documentation carefully . We also have some online  video tutorials regarding this issue . If the problem remains, Please Open a ticket in the support forum . "
    },
    {
      "id": 3,
      "title": "Website reponse taking time, how to improve?",
      "description": "At first, Please check your internet connection . We also have some online  video tutorials regarding this issue . If the problem remains, Please Open a ticket in the support forum ."
    },
    {
      "id": 4,
      "title": "New update fixed all bug and issues?",
      "description": "We are giving the update of this theme continuously . You will receive an email Notification when we push an update. Always try to be updated with us ."
    }
  ],
  "menuWidget": [
    {
      "id": 1,
      "title": "About Us",
      "menuItems": [
        {
          "id": 1,
          "url": "#1",
          "text": "Support Center"
        },
        {
          "id": 2,
          "url": "#2",
          "text": "Customer Support"
        },
        {
          "id": 3,
          "url": "#3",
          "text": "About Us"
        },
        {
          "id": 4,
          "url": "#4",
          "text": "Copyright"
        },
        {
          "id": 5,
          "url": "#5",
          "text": "Popular Campaign"
        }
      ]
    },
    {
      "id": 2,
      "title": "Our Information",
      "menuItems": [
        {
          "id": 1,
          "url": "#1",
          "text": "Return Policy"
        },
        {
          "id": 2,
          "url": "#2",
          "text": "Privacy Policy"
        },
        {
          "id": 3,
          "url": "#2",
          "text": "Terms & Conditions"
        },
        {
          "id": 4,
          "url": "#4",
          "text": "Site Map"
        },
        {
          "id": 5,
          "url": "#5",
          "text": "Store Hours"
        }
      ]
    },
    {
      "id": 3,
      "title": "My Account",
      "menuItems": [
        {
          "id": 1,
          "url": "#1",
          "text": "Press inquiries"
        },
        {
          "id": 2,
          "url": "#2",
          "text": "Social media directories"
        },
        {
          "id": 3,
          "url": "#3",
          "text": "Images & B-roll"
        },
        {
          "id": 4,
          "url": "#4",
          "text": "Permissions"
        },
        {
          "id": 5,
          "url": "#5",
          "text": "Speaker requests"
        }
      ]
    },
    {
      "id": 4,
      "title": "Policy",
      "menuItems": [
        {
          "id": 1,
          "url": "#1",
          "text": "Application security"
        },
        {
          "id": 2,
          "url": "#2",
          "text": "Software principles"
        },
        {
          "id": 3,
          "url": "#3",
          "text": "Unwanted software policy"
        },
        {
          "id": 4,
          "url": "#4",
          "text": "Responsible supply chain"
        }
      ]
    }
  ],
  "social_profile": [
    {
      "id": 1,
      "icon": "flaticon-facebook-logo",
      "link": "https://www.facebook.com/redqinc/"
    },
    {
      "id": 2,
      "icon": "flaticon-twitter-logo-silhouette",
      "link": "https://twitter.com/redqinc"
    },
    {
      "id": 3,
      "icon": "flaticon-instagram",
      "link": "https://www.instagram.com/redqinc/"
    },
    {
      "id": 4,
      "icon": "flaticon-tumblr-logo",
      "link": "https://www.instagram.com/redqinc/"
    },
    {
      "id": 5,
      "icon": "flaticon-dribble-logo",
      "link": "https://dribbble.com/redqinc"
    }
  ]
}
