{
  "MENU_ITEMS": [
    {
      "label": "Home",
      "path": "#banner_section",
      "offset": "0"
    },
    {
      "label": "Feature",
      "path": "#feature_section",
      "offset": "0"
    },
    {
      "label": "Pricing",
      "path": "#pricing_section",
      "offset": "0"
    },
    {
      "label": "Testimonial",
      "path": "#testimonial_section",
      "offset": "0"
    },
    {
      "label": "FAQ",
      "path": "#faq_section",
      "offset": "0"
    }
  ],
  "PROCESS_ITEMS": [
    {
      "image": "../../assets/image/saasModern/process-1.svg",
      "title": "Download our app",
      "description": "Get your blood tests delivered at home collect a sample from the news Get your blood tests delivered with terms."
    },
    {
      "image": "../../assets/image/saasModern/process-2.svg",
      "title": "Create a free account",
      "description": "Get your blood tests delivered at home collect a sample from the news Get your blood tests delivered with terms."
    },
    {
      "image": "../../assets/image/saasModern/process-3.svg",
      "title": "Now Start your journey",
      "description": "Get your blood tests delivered at home collect a sample from the news Get your blood tests delivered with terms."
    }
  ],
  "MONTHLY_PRICING_TABLE": [
    {
      "freePlan": true,
      "name": "Basic Account",
      "description": "For Small teams or group who need to build website ",
      "price": "$0",
      "priceLabel": "Only for first month",
      "buttonLabel": "CREATE FREE ACCOUNT",
      "url": "#",
      "listItems": [
        {
          "content": "Drag & Drop Builder"
        },
        {
          "content": "1,000s of Templates Ready"
        },
        {
          "content": "Blog Tools"
        },
        {
          "content": "eCommerce Store "
        },
        {
          "content": "30+ Webmaster Tools"
        }
      ]
    },
    {
      "name": "Business Account",
      "description": "For Mediums teams or group who need to build website ",
      "price": "$9.87",
      "priceLabel": "Per month & subscription yearly",
      "buttonLabel": "START FREE TRIAL",
      "url": "#",
      "listItems": [
        {
          "content": "Drag & Drop Builder"
        },
        {
          "content": "1,000s of Templates Ready"
        },
        {
          "content": "Blog Tools"
        },
        {
          "content": "eCommerce Store "
        },
        {
          "content": "30+ Webmaster Tools"
        }
      ]
    },
    {
      "name": "Premium Account",
      "description": "For Large teams or group who need to build website ",
      "price": "$12.98",
      "priceLabel": "Per month & subscription yearly",
      "buttonLabel": "START FREE TRIAL",
      "url": "#",
      "listItems": [
        {
          "content": "Drag & Drop Builder"
        },
        {
          "content": "1,000s of Templates Ready"
        },
        {
          "content": "Blog Tools"
        },
        {
          "content": "eCommerce Store "
        },
        {
          "content": "30+ Webmaster Tools"
        }
      ]
    }
  ],
  "YEARLY_PRICING_TABLE": [
    {
      "freePlan": true,
      "name": "Basic Account",
      "description": "For a single client or team who need to build website ",
      "price": "$0",
      "priceLabel": "Only for first month",
      "buttonLabel": "CREATE FREE ACCOUNT",
      "url": "#",
      "listItems": [
        {
          "content": "Drag & Drop Builder"
        },
        {
          "content": "1,000s of Templates Ready"
        },
        {
          "content": "Blog Tools"
        },
        {
          "content": "eCommerce Store "
        },
        {
          "content": "30+ Webmaster Tools"
        }
      ]
    },
    {
      "name": "Business Account",
      "description": "For Small teams or group who need to build website ",
      "price": "$6.00",
      "priceLabel": "Per month & subscription yearly",
      "buttonLabel": "START FREE TRIAL",
      "url": "#",
      "listItems": [
        {
          "content": "Unlimited secure storage"
        },
        {
          "content": "2,000s of Templates Ready"
        },
        {
          "content": "Blog Tools"
        },
        {
          "content": "24/7 phone support"
        },
        {
          "content": "50+ Webmaster Tools"
        }
      ]
    },
    {
      "name": "Premium Account",
      "description": "For Large teams or group who need to build website ",
      "price": "$9.99",
      "priceLabel": "Per month & subscription yearly",
      "buttonLabel": "START FREE TRIAL",
      "url": "#",
      "listItems": [
        {
          "content": "Drag & Drop Builder"
        },
        {
          "content": "3,000s of Templates Ready"
        },
        {
          "content": "Advanced branding"
        },
        {
          "content": "Knowledge base support"
        },
        {
          "content": "80+ Webmaster Tools"
        }
      ]
    }
  ],
  "FAQ_DATA": [
    {
      "expend": true,
      "title": "How to contact with Customer Service?",
      "description": "Our Customer Experience Team is available 7 days a week and we offer 2 ways to get in contact.Email and Chat . We try to reply quickly, so you need not to wait too long for a response!. "
    },
    {
      "title": "App installation failed, how to update system information?",
      "description": "Please read the documentation carefully . We also have some online  video tutorials regarding this issue . If the problem remains, Please Open a ticket in the support forum . "
    },
    {
      "title": "Website reponse taking time, how to improve?",
      "description": "At first, Please check your internet connection . We also have some online  video tutorials regarding this issue . If the problem remains, Please Open a ticket in the support forum ."
    },
    {
      "title": "New update fixed all bug and issues?",
      "description": "We are giving the update of this theme continuously . You will receive an email Notification when we push an update. Always try to be updated with us ."
    }
  ],
  "FOOTER_WIDGET": [
    {
      "title": "About Us",
      "menuItems": [
        {
          "url": "#",
          "text": "Support Center"
        },
        {
          "url": "#",
          "text": "Customer Support"
        },
        {
          "url": "#",
          "text": "About Us"
        },
        {
          "url": "#",
          "text": "Copyright"
        },
        {
          "url": "#",
          "text": "Popular Campaign"
        }
      ]
    },
    {
      "title": "Our Information",
      "menuItems": [
        {
          "url": "#",
          "text": "Return Policy"
        },
        {
          "url": "#",
          "text": "Privacy Policy"
        },
        {
          "url": "#",
          "text": "Terms & Conditions"
        },
        {
          "url": "#",
          "text": "Site Map"
        },
        {
          "url": "#",
          "text": "Store Hours"
        }
      ]
    },
    {
      "title": "My Account",
      "menuItems": [
        {
          "url": "#",
          "text": "Press inquiries"
        },
        {
          "url": "#",
          "text": "Social media directories"
        },
        {
          "url": "#",
          "text": "Images & B-roll"
        },
        {
          "url": "#",
          "text": "Permissions"
        },
        {
          "url": "#",
          "text": "Speaker requests"
        }
      ]
    },
    {
      "title": "Policy",
      "menuItems": [
        {
          "url": "#",
          "text": "Application security"
        },
        {
          "url": "#",
          "text": "Software principles"
        },
        {
          "url": "#",
          "text": "Unwanted software policy"
        },
        {
          "url": "#",
          "text": "Responsible supply chain"
        }
      ]
    }
  ],
  "FEATURES": [
    {
      "icon": "../../assets/image/saasModern/icon-1.png",
      "title": "App Development",
      "description": "Get your proof tests delivered home collect a sample from the news get design."
    },
    {
      "icon": "../../assets/image/saasModern/icon-2.png",
      "title": "10 Times Award",
      "description": "Get your proof tests delivered home collect a sample from the news get design."
    },
    {
      "icon": "../../assets/image/saasModern/icon-3.png",
      "title": "Cloud Storage",
      "description": "Get your proof tests delivered home collect a sample from the news get design."
    },
    {
      "icon": "../../assets/image/saasModern/icon-4.png",
      "title": "Customization",
      "description": "Get your proof tests delivered home collect a sample from the news get design."
    },
    {
      "icon": "../../assets/image/saasModern/icon-5.png",
      "title": "UX Planning",
      "description": "Get your proof tests delivered home collect a sample from the news get design."
    },
    {
      "icon": "../../assets/image/saasModern/icon-6.png",
      "title": "Customer Support",
      "description": "Get your proof tests delivered home collect a sample from the news get design."
    }
  ],
  "TESTIMONIALS": [
    {
      "title": "Modern look & trending design",
      "review": "Get working experience to work with this amazing team & in future want to work together for bright future projects and also make deposit to freelancer.",
      "name": "Jon Doe",
      "designation": "CEO of Dell Co.",
      "avatar": "../../assets/image/saasModern/author-1.jpg"
    },
    {
      "title": "Modern look & trending design",
      "review": "Lorem ipsum dolor sit amet consectetur adipisicing elit sed eiusmod tempor incididunt labore dolore features Lorem ipsum dolor sit amet consectetur.",
      "name": "Jon Doe",
      "designation": "Co Founder of IBM",
      "avatar": "../../assets/image/saasModern/author-2.jpg"
    },
    {
      "title": "Modern look & trending design",
      "review": "Get working experience to work with this amazing team & in future want to work together for bright future projects and also make deposit to freelancer.",
      "name": "Jeny Doe",
      "designation": "Manager of Hp co.",
      "avatar": "../../assets/image/saasModern/author-3.jpg"
    }
  ]
}
