{
  "Faq": [
    {
      "id": 1,
      "expend": true,
      "title": "How to contact with Customer Service?",
      "description": "Our Customer Experience Team is available 7 days a week and we offer 2 ways to get in contact.Email and Chat . We try to reply quickly, so you need not to wait too long for a response!. "
    },
    {
      "id": 2,
      "title": "App installation failed, how to update system information?",
      "description": "Please read the documentation carefully . We also have some online  video tutorials regarding this issue . If the problem remains, Please Open a ticket in the support forum . "
    },
    {
      "id": 3,
      "title": "Website reponse taking time, how to improve?",
      "description": "At first, Please check your internet connection . We also have some online  video tutorials regarding this issue . If the problem remains, Please Open a ticket in the support forum ."
    },
    {
      "id": 4,
      "title": "New update fixed all bug and issues?",
      "description": "We are giving the update of this theme continuously . You will receive an email Notification when we push an update. Always try to be updated with us ."
    },
    {
      "id": 4,
      "title": "New update fixed all bug and issues?",
      "description": "It is a long established fact that a reader will be distracted by the readable content of a page when looking at its layout. The point of using Lorem Ipsum is that it has a more-or-less normal distribution of letters, as opposed to using 'Content here, content here', making it look like readable English."
    }
  ],
  "Features": [
    {
      "id": 1,
      "icon": "flaticon-creative",
      "title": "Powerful Features",
      "description": "Automate time consuming tasks like organising expenses ,tracking your time and following up with clients "
    },
    {
      "id": 2,
      "icon": "flaticon-briefing",
      "title": "Easy Invoicing",
      "description": "Want to surprice your clients with professional looking invoices ? Then you are some clicks behind ."
    },
    {
      "id": 3,
      "icon": "flaticon-flask",
      "title": "Easy To Use",
      "description": "Very Simple and intuitive. So you have to spend less time in paperwork and impress your customer with looks"
    }
  ],
  "Footer_Data": [
    {
      "title": "About Us",
      "menuItems": [
        {
          "url": "#",
          "text": "Support Center"
        },
        {
          "url": "#",
          "text": "Customer Support"
        },
        {
          "url": "#",
          "text": "About Us"
        },
        {
          "url": "#",
          "text": "Copyright"
        },
        {
          "url": "#",
          "text": "Popular Campaign"
        }
      ]
    },
    {
      "title": "Our Information",
      "menuItems": [
        {
          "url": "#",
          "text": "Return Policy"
        },
        {
          "url": "#",
          "text": "Privacy Policy"
        },
        {
          "url": "#",
          "text": "Terms & Conditions"
        },
        {
          "url": "#",
          "text": "Site Map"
        },
        {
          "url": "#",
          "text": "Store Hours"
        }
      ]
    },
    {
      "title": "My Account",
      "menuItems": [
        {
          "url": "#",
          "text": "Press inquiries"
        },
        {
          "url": "#",
          "text": "Social media directories"
        },
        {
          "url": "#",
          "text": "Images & B-roll"
        },
        {
          "url": "#",
          "text": "Permissions"
        },
        {
          "url": "#",
          "text": "Speaker requests"
        }
      ]
    },
    {
      "title": "Policy",
      "menuItems": [
        {
          "url": "#",
          "text": "Application security"
        },
        {
          "url": "#",
          "text": "Software principles"
        },
        {
          "url": "#",
          "text": "Unwanted software policy"
        },
        {
          "url": "#",
          "text": "Responsible supply chain"
        }
      ]
    }
  ],
  "Service": [
    {
      "id": 1,
      "icon": "flaticon-briefing",
      "title": "App Development",
      "description": "We are specialized at custom Saas Application Development and special features ."
    },
    {
      "id": 2,
      "icon": "flaticon-trophy",
      "title": "10 Times Award",
      "description": "We are globally recognised for our services and won a lot of prices around the world ."
    },
    {
      "id": 3,
      "icon": "flaticon-atom",
      "title": "Cloud Stroage",
      "description": "LiteSpeed Web Server known for its high performance and low resource consumption."
    },
    {
      "id": 4,
      "icon": "flaticon-ruler",
      "title": "Client Satisfaction",
      "description": "Client Satisfaction is our first priority and We are best at it .Keep In Touch."
    },
    {
      "id": 5,
      "icon": "flaticon-creative",
      "title": "UX Planning",
      "description": "We provide the best UI/UX Design by following the latest trends of the market  ."
    },
    {
      "id": 6,
      "icon": "flaticon-conversation",
      "title": "Customer Support",
      "description": "A Dedicated support team is always ready to provide best support to our customers."
    }
  ],
  "Timeline": [
    {
      "title": "Wireframing for project",
      "description": "We respect our customer opinions and deals with them with perfect wireframing."
    },
    {
      "title": "UI/UX for project",
      "description": "We provide the best UI/UX Design by following the latest trends of the market ."
    },
    {
      "title": "Negotiation about project",
      "description": "After the negotiation is done , We start to build the project with latest technology ."
    }
  ],
  "Testimonial": [
    {
      "id": 1,
      "name": "Jon Doe",
      "designation": "Ceo of Invission Co.",
      "comment": "Love to work with this designer in every our future project to ensure we are going to build best prototyping features.",
      "avatar_url": "../../assets/image/saas/testimonial/client-1.jpg",
      "social_icon": "flaticon-instagram"
    },
    {
      "id": 2,
      "name": "Roman Ul Oman",
      "designation": "Co-founder of QatarDiaries",
      "comment": "Impressed with master class support of the team and really look forward for the future. A true passionate team.",
      "avatar_url": "../../assets/image/agency/client/denny.png",
      "social_icon": "flaticon-twitter-logo-silhouette"
    }
  ],
  "MENU_ITEMS": [
    {
      "label": "Home",
      "path": "#banner_section",
      "offset": "70"
    },
    {
      "label": "Service",
      "path": "#service_section",
      "offset": "70"
    },
    {
      "label": "Feature",
      "path": "#feature_section",
      "offset": "70"
    },
    {
      "label": "Pricing",
      "path": "#pricing_section",
      "offset": "70"
    },
    {
      "label": "Testimonial",
      "path": "#testimonial_section",
      "offset": "70"
    },
    {
      "label": "FAQ",
      "path": "#faq_section",
      "offset": "70"
    }
  ],
  "MONTHLY_PRICING_TABLE": [
    {
      "freePlan": true,
      "name": "Basic Account",
      "description": "For Small teams or group who need to build website ",
      "price": "$0",
      "priceLabel": "Only for first month",
      "buttonLabel": "CREATE FREE ACCOUNT",
      "url": "#",
      "listItems": [
        {
          "content": "Drag & Drop Builder"
        },
        {
          "content": "1,000s of Templates Ready"
        },
        {
          "content": "Blog Tools"
        },
        {
          "content": "eCommerce Store "
        },
        {
          "content": "30+ Webmaster Tools"
        }
      ]
    },
    {
      "name": "Business Account",
      "description": "For Mediums teams or group who need to build website ",
      "price": "$9.87",
      "priceLabel": "Per month & subscription yearly",
      "buttonLabel": "START FREE TRIAL",
      "url": "#",
      "listItems": [
        {
          "content": "Drag & Drop Builder"
        },
        {
          "content": "1,000s of Templates Ready"
        },
        {
          "content": "Blog Tools"
        },
        {
          "content": "eCommerce Store "
        },
        {
          "content": "30+ Webmaster Tools"
        }
      ]
    },
    {
      "name": "Premium Account",
      "description": "For Large teams or group who need to build website ",
      "price": "$12.98",
      "priceLabel": "Per month & subscription yearly",
      "buttonLabel": "START FREE TRIAL",
      "url": "#",
      "listItems": [
        {
          "content": "Drag & Drop Builder"
        },
        {
          "content": "1,000s of Templates Ready"
        },
        {
          "content": "Blog Tools"
        },
        {
          "content": "eCommerce Store "
        },
        {
          "content": "30+ Webmaster Tools"
        }
      ]
    }
  ],
  "YEARLY_PRICING_TABLE": [
    {
      "freePlan": true,
      "name": "Basic Account",
      "description": "For a single client or team who need to build website ",
      "price": "$0",
      "priceLabel": "Only for first month",
      "buttonLabel": "CREATE FREE ACCOUNT",
      "url": "#",
      "listItems": [
        {
          "content": "Drag & Drop Builder"
        },
        {
          "content": "1,000s of Templates Ready"
        },
        {
          "content": "Blog Tools"
        },
        {
          "content": "eCommerce Store "
        },
        {
          "content": "30+ Webmaster Tools"
        }
      ]
    },
    {
      "name": "Business Account",
      "description": "For Small teams or group who need to build website ",
      "price": "$6.00",
      "priceLabel": "Per month & subscription yearly",
      "buttonLabel": "START FREE TRIAL",
      "url": "#",
      "listItems": [
        {
          "content": "Unlimited secure storage"
        },
        {
          "content": "2,000s of Templates Ready"
        },
        {
          "content": "Blog Tools"
        },
        {
          "content": "24/7 phone support"
        },
        {
          "content": "50+ Webmaster Tools"
        }
      ]
    },
    {
      "name": "Premium Account",
      "description": "For Large teams or group who need to build website ",
      "price": "$9.99",
      "priceLabel": "Per month & subscription yearly",
      "buttonLabel": "START FREE TRIAL",
      "url": "#",
      "listItems": [
        {
          "content": "Drag & Drop Builder"
        },
        {
          "content": "3,000s of Templates Ready"
        },
        {
          "content": "Advanced branding"
        },
        {
          "content": "Knowledge base support"
        },
        {
          "content": "80+ Webmaster Tools"
        }
      ]
    }
  ]
}
